,날짜,조회수,좋아요,댓글 수,제목,주소,설명
0,54분 전 최초 공개,"1,559회",124,18개,영혼만남! 죽은 아들이 내게 왔다! 1부(의뢰인EP.3) #이유엽 #용한점집 #유명한점집 #엑소시스트,http://www.youtube.com/watch?v=2qJE1ls1OEY,"이유엽 도사: 010 2170 0347
말 못할 고민! 답답한 속을 뚫어주고
신통방통 해결책을 주는 [이유엽도사 의뢰인]
매주 화요일, 목요일 밤11시!
당신을 찾아갑니다.


.
.
.

#무당 #유명한점집 #용한점집 #부산점집 #아산점집 #운세 #무속인 #신점 #베짱이 #베짱이엔터 #베짱이엔터테인먼트
간략히"
1,2022. 11. 8.,"1,138회",54,1개,(짤방) 손자가 트젠+무당이 되었을 때 친할머니 반응은? #쎄히 #나비신녀 #이여슬,http://www.youtube.com/watch?v=UxhoMmpI98Y,"2022.11.7 실시간 스트리밍 중
쎄히(나비신녀)님이 트젠+무당이 되었을 때 할머니 반응은?
(feat.엄마)
⬇️풀영상 보러가기⬇️
https://youtu.be/OJasSI2tBe8
간략히"
2,2022. 11. 8.,"3,828회",98,7개,(숫자점) 대한민국 여배우 김XX의 매니저!! 이 분이 제 말을 들을까요? #장해나 #용한점집 #서울점집 #한남동점집,http://www.youtube.com/watch?v=va_i-TvCU68,"장해나:  010-5120-2431
신당 위치 : 서울시 용산구

대한민국 최고의 무당 프로그램
'만신포차', '시대의 대만신들', '위험한 초대', '신퇴마록'  제작진이
직접 선정한 용한 무당들의 이야기! 신의 말 공수!

#무당 #용한점집 #서울점집 #한남동점집 #무속인 #공수 #유명한점집 #장해나 #여배우 #사극 #연예인
간략히"
3,2022. 11. 7.,"7,665회",242,9개,미혼모엄마! 남자를 만나고 싶어요..20년 참았습니다.. #장주억 #용한점집 #서울점집 #유명한점집 #무당,http://www.youtube.com/watch?v=eIPeN6pu5Wo,"장주억 만신 : 010-4737-8034
신당 위치 : 서울 서초구

대한민국 최고의 무당 프로그램
'만신포차', '시대의 대만신들', '위험한 초대', '신퇴마록'  제작진이
직접 선정한 용한 무당들의 이야기! 신의 말 공수!

#무당 #용한점집 #서울점집 #서초점집 #무속인 #공수 #유명한점집 #장주억 #만신포차 #총각도사
간략히"
4,2022. 11. 6.,"19,562회",390,34개,점사촬영중단! 뭐 무당이 네 성에 안 차? #칠성암매화보살 #인천점집 #용한점집 #유명한점집,http://www.youtube.com/watch?v=uwLKvGGrVC8,"칠성암 010-7740-4446
신당위치 : 인천광역시

대한민국 최고의 무당 프로그램
만신포차, 시대의 대만신들, 위험한 초대,
신엑소시스트, 신퇴마록 제작진이
직접 선정한 용한 무당들의 이야기! 신의 말 공수!
.
.
#무당 #유명한점집 #용한점집 #운세 #무속인 #신점 #베짱이 #베짱이엔터 #베짱이엔터테인먼트 #칠성암 #매화보살
간략히"
5,2022. 11. 5.,"19,475회",412,23개,(쎄히눈물😭)엄마는 암으로 죽은 게 아니라는데? #나비신녀 #용한점집 #서울점집 #유명한점집 #무당,http://www.youtube.com/watch?v=7ZaXdvknc-I,"나비신녀 : 010-7574-2994
신당 위치 : 서울 용산구

대한민국 최고의 무당 프로그램
만신포차, 시대의 대만신들, 위험한 초대,
신엑소시스트, 신퇴마록 제작진이
직접 선정한 용한 무당들의 이야기! 신의 말 공수!

#공수 #무당 #유명한점집 #용한점집 #운세 #무속인 #신점  
#나비신녀 #쎄히 #트랜스젠더  #bj
간략히"
6,2022. 11. 5.,"3,639회",76,9개,"#빙의 #퇴마 #엑소시스트
🔥대한민국 최강 엑소시스트 총출동! 🔥사례자를 모집🔥엑소시스트 더 비기닝!",http://www.youtube.com/watch?v=liD-E3m6V_I,"국내 최고의 엑소시스트 들이 돌아 왔다!
김홍기,글문도사,남치마,박비주,순화당,이여슬,이유엽,임덕영,장정덕,천인지. [엑소시스트 - 더 비기닝]
100% 실제상황! 강력한 영적 존재들,
그들과의 처절한 사투
이들을 구하기 위해 나선 10명의 엑소시스트! 
무료 퇴마 솔루션의 사례자를 모집합니다.
- 내 안의 또 다른 나, 병명 없는 고통
- 환청, 환각 등 남들에게 보이지 않는 현상
- 영적 존재로 인한 고통을 받으시는 분
010-7441-1400 (문자신청)
* 사례자 얼굴 공개로 촬영 진행 (모자이크X) 


.
.
.


#빙의 #퇴마 #엑소시스트 #퇴마사 #접신 #무당 #무속인 #귀신 #영혼 #귀접 #악령
간략히"
7,2022. 11. 4.,"7,031회",238,27개,애 두고 집 나온게 자랑이냐? #비선당 #용한점집 #파주점집 #유명한점집 #무당,http://www.youtube.com/watch?v=xxoCB14G4DU,"비선당 : 010-8499-0440
신당 위치 : 경기도 파주시

대한민국 최고의 무당 프로그램
만신포차, 시대의 대만신들, 위험한 초대,
신엑소시스트, 신퇴마록 제작진이
직접 선정한 용한 무당들의 이야기! 신의 말 공수!

#공수 #무당 #유명한점집 #용한점집 #운세 #무속인 #신점  #비선당 #신병테스트심사위원 #위험한초대 #신굿 #점사의달인
간략히"
8,최초 공개: 2022. 11. 3.,"21,743회",652,76개,이유엽도사! 눈물의 전생체험2부 (의뢰인EP.2) #이유엽 #용한점집 #유명한점집,http://www.youtube.com/watch?v=1wHCUfrqiXU,"이유엽 도사:  010 2170 0347
매주 화요일, 목요일 밤11시 최초공개!
[이유엽 도사 의뢰인] 첫 시작은 
설기문 박사님의 최면을 통해 
이유엽 도사의 전생과 현생을 알아보는 시간! 
그리고 말 못할 고민! 답답한 속을 뚫어주고
신통방통 해결책을 주는 [이유엽도사 의뢰인]
당신을 찾아갑니다.


.
.
.

#무당 #부산점집 #아산점집 #운세 #무속인 #신점 #베짱이 #베짱이엔터 #베짱이엔터테인먼트
간략히"
9,2022. 11. 3.,"12,397회",260,14개,물귀신 접신 소원아씨?! 울부 짖는 이유! #소원아씨 #대구점집 #용한점집 #유명한점집 #무당,http://www.youtube.com/watch?v=2zinn8SQhMA,"소원아씨 : 010-9330-9293
신당 위치 : 대구광역시

대한민국 최고의 무당 프로그램
'만신포차', '시대의 대만신들', '위험한 초대', '신퇴마록'  제작진이
직접 선정한 용한 무당들의 이야기! 신의 말 공수!

#무당 #용한점집 #대구점집 #무당 #무속인 #공수 #유명한점집 #대구점집 #소원아씨
간략히"
10,최초 공개: 2022. 11. 2.,"9,336회",299,29개,미국 CNN 이 선정한 아름다운 사찰 마이산! #역사무행 #글문도사 #순화당 #용한점집 #유명한점집,http://www.youtube.com/watch?v=l67SH5ZcNZY,"세 번째 역사무행 : 마이산
글문도사(김문정): 010 8231 1368
순화당: 010 5455 0026
진행 : 성세정 아나운서

만신과 함께 떠나는 
대한민국 방방곡곡! 기도빨 잘 받는 터! 
그 터의 역사와 비밀을 파헤친다!

.
.
.

#성세정아나운서 #진안 #마이산 #수능 #책바위 #무당 #운세 #무속인 #신점 #베짱이 #베짱이엔터 #베짱이엔터테인먼트
간략히"
11,2022. 11. 2.,"7,877회",197,13개,너 마누라 안 돌아와! 바람났는데 돌아오겠니? #지정대신당 #지수아 #용한점집 #수원점집 #유명한점집 #무당,http://www.youtube.com/watch?v=qVNuQfGplcE,"지수아 만신 : 010-2485-2485
신당 위치 : 경기도 수원시

대한민국 최고의 무당 프로그램
만신포차, 시대의 대만신들, 위험한 초대,
신엑소시스트, 신퇴마록 제작진이
직접 선정한 용한 무당들의 이야기! 신의 말 공수!

#지정대신당 #지수아 #수원점집 #경기도점집 #무속인 #리얼점사 #신의말 #공수 #무당점
간략히"
12,2022. 11. 1.,"8,506회",130,6개,(컴백 장해나!) #장해나 #용한점집 #서울점집 #한남동점집,http://www.youtube.com/watch?v=C04KN4izUNc,"장해나:  010-5120-2431
신당 위치 : 서울시 용산구

대한민국 최고의 무당 프로그램
'만신포차', '시대의 대만신들', '위험한 초대', '신퇴마록'  제작진이
직접 선정한 용한 무당들의 이야기! 신의 말 공수!

#무당 #용한점집 #서울점집 #한남동점집 #무속인 #공수 #유명한점집 #장해나
간략히"
13,2022. 11. 1.,"23,995회",599,67개,충격😱이유엽 도사 전생체험! 2023년 국운까지? (의뢰인EP.1) #이유엽 010 2170 0347 #엑소시스트 #용한점집 #유명한점집 #국운,http://www.youtube.com/watch?v=0z70F2NkfsE,"이유엽 도사:  010 2170 0347
[이유엽 도사 의뢰인] 첫 시작은 
설기문 박사님의 최면을 통해 
이유엽 도사의 전생과 현생을 알아보는 시간! 
그리고 말 못할 고민! 답답한 속을 뚫어주고
신통방통 해결책을 주는 [이유엽도사 의뢰인]
매주 화요일, 목요일 밤11시 최초공개!
당신을 찾아갑니다.


.
.
.

#무당 #부산점집 #아산점집 #운세 #무속인 #신점 #베짱이 #베짱이엔터 #베짱이엔터테인먼트
간략히"
14,2022. 10. 31.,"5,164회",178,11개,집안에 줄초상! 깜빵가는 미래를 예언?! #대만주 #용한점집 #이태원점집 #서울점집 #유명한점집 #무당,http://www.youtube.com/watch?v=qV96tKoR0QQ,"대만주 : 010-8863-3331
신당 위치 : 서울특별시 용산구 이태원동

대한민국 최고의 무당 프로그램
'만신포차', '시대의 대만신들', '위험한 초대', '신퇴마록'  제작진이
직접 선정한 용한 무당들의 이야기! 신의 말 공수!
.
.
.


#무당 #용한점집 #무당 #무속인 #공수 #유명한점집 #이태원점집 #대만주
간략히"
15,2022. 10. 29.,"11,111회",256,10개,(쎄히신점) 아내의 자궁 적출... 입양이 답인가요? #나비신녀 #용한점집 #서울점집 #용산점집 #유명한점집 #무당,http://www.youtube.com/watch?v=1CIrOq08w4E,"나비신녀 : 010-7574-2994
신당 위치 : 서울 용산구

대한민국 최고의 무당 프로그램
만신포차, 시대의 대만신들, 위험한 초대,
신엑소시스트, 신퇴마록 제작진이
직접 선정한 용한 무당들의 이야기! 신의 말 공수!

#공수 #무당 #유명한점집 #용한점집 #운세 #무속인 #신점  
#나비신녀 #쎄히 #트랜스젠더  #bj
간략히"
16,2022. 10. 28.,"26,782회",530,28개,모녀점사! 근데 할머니는 여기 왜 오셨지??? #비선당 #용한점집 #파주점집 #유명한점집 #무당,http://www.youtube.com/watch?v=G50w9CaGiuU,"비선당 : 010-8499-0440
신당 위치 : 경기도 파주시

대한민국 최고의 무당 프로그램
만신포차, 시대의 대만신들, 위험한 초대,
신엑소시스트, 신퇴마록 제작진이
직접 선정한 용한 무당들의 이야기! 신의 말 공수!

#공수 #무당 #유명한점집 #용한점집 #운세 #무속인 #신점  #비선당 #신병테스트심사위원 #위험한초대 #신굿 #점사의달인
간략히"
17,2022. 10. 27.,"2,596회",60,3개,"#신병 #신병테스트 #신내림
(최후의 1인 무료 신내림굿)2022 마지막 신병테스트! 더마스터!",http://www.youtube.com/watch?v=nGaGc0RTjck,"귀신들의 장난인가! 신들의 부름인가! 
2022년 마지막 신병 공개 테스트 더-마스터가 시작됩니다!
글문도사, 순화당, 칠성암, 그리고 이유엽! 최고의 심사위원들로 구성된
다시 돌아온 '신병 공개테스트 더 마스터' 
최후의 1인 무료 신내림굿! 
많은 관심과 지원 바랍니다.

(이름, 나이, 사연, 연락처를 보내주세요)
010-4363-8675(문자) 
moodang1111@daum.net





#신병 #신병테스트 #신내림 #무병 #내림굿 #신점 #영점 #용한점집 #유명한점집 #운세
음악
노래
Sport Rock Epic Trailer
아티스트
AncepScore
라이선스
YouTube Premium 가입
음악
간략히"
18,2022. 10. 27.,"14,356회",244,26개,네 팔자 니가 망친거야!! XXX 환장한 남자!! #소원아씨 #대구점집 #용한점집 #유명한점집 #무당,http://www.youtube.com/watch?v=5UXzbnkCq8A,"소원아씨 : 010-9330-9293
신당 위치 : 대구광역시

대한민국 최고의 무당 프로그램
'만신포차', '시대의 대만신들', '위험한 초대', '신퇴마록'  제작진이
직접 선정한 용한 무당들의 이야기! 신의 말 공수!

#무당 #용한점집 #대구점집 #무당 #무속인 #공수 #유명한점집 #대구점집 #소원아씨
간략히"
19,최초 공개: 2022. 10. 26.,"3,398회",137,28개,시험 합격을 이뤄주는 문경새재 책바위! #역사무행 #순화당 #글문도사 #용한점집 #유명한점집,http://www.youtube.com/watch?v=Tyw6avl2sx8,"두 번째 역사무행 : 문경새재
순화당: 010 5455 0026
글문도사(김문정): 010 8231 1368
진행 : 성세정 아나운서

만신과 함께 떠나는 
대한민국 방방곡곡! 기도빨 잘 받는 터! 
그 터의 역사와 비밀을 파헤친다!

.
.
.

#성세정아나운서 #문경새재 #수능 #책바위 #무당 #운세 #무속인 #신점 #베짱이 #베짱이엔터 #베짱이엔터테인먼트
간략히"
20,2022. 10. 26.,"19,050회",495,42개,네 딸 신을 내리라고? 어디서 이래라 저래라야! #지정대신당 #지수아 #용한점집 #수원점집 #유명한점집 #무당,http://www.youtube.com/watch?v=lvpy4AdeP_M,"지수아 만신 : 010-2485-2485
신당 위치 : 경기도 수원시

대한민국 최고의 무당 프로그램
만신포차, 시대의 대만신들, 위험한 초대,
신엑소시스트, 신퇴마록 제작진이
직접 선정한 용한 무당들의 이야기! 신의 말 공수!

#지정대신당 #지수아 #수원점집 #경기도점집 #무속인 #리얼점사 #신의말 #공수 #무당점
간략히"
21,2022. 10. 25.,"9,112회",194,7개,넌 사주에 인살이 있어! 왜 x 받이 인지 몰라?? #영금아씨 #여무강신정,http://www.youtube.com/watch?v=cYmq3F4anQI,"영금아씨 : 010-2256-4258 (의정부시)
여무 강신정 : 010-2188-1421 (서울)


대한민국 무속 프로그램 NO.1
베짱이엔터테인먼트가 새롭게 선보이는
국내 최초 2인 1조 무당들이 펼치는
가성비 갑 점사!!! 쌍점!!!

#용한점집 #서울점집 #의정부점집  #쌍점 #공수 #점사노트 #유명한점집 #영금아씨 #강신정#무당 #운세 #무속인 #신점 #베짱이 #베짱이엔터 #베짱이엔터테인먼트
간략히"
22,2022. 10. 24.,"12,369회",298,57개,최초로 점사 거부하는 대만주? 아버지가 죽기를 바라는 여자! #대만주 #용한점집 #이태원점집 #서울점집 #유명한점집 #무당,http://www.youtube.com/watch?v=vPH9ShOBf8w,"대만주 : 010-8863-3331
신당 위치 : 서울특별시 용산구 이태원동

대한민국 최고의 무당 프로그램
'만신포차', '시대의 대만신들', '위험한 초대', '신퇴마록'  제작진이
직접 선정한 용한 무당들의 이야기! 신의 말 공수!
.
.
.


#무당 #용한점집 #무당 #무속인 #공수 #유명한점집 #이태원점집 #대만주
간략히"
23,2022. 10. 23.,"18,171회",495,14개,애 데리고 베트남으로 가출? 왜 나간 줄 알아?#용한점집 #서울점집 #유명한점집 #무당,http://www.youtube.com/watch?v=UvF58dAn0C4,"장주억 만신 : 010-4737-8034
신당 위치 : 서울특별시 서초구 서초동

대한민국 최고의 무당 프로그램
'만신포차', '시대의 대만신들', '위험한 초대', '신퇴마록'  제작진이
직접 선정한 용한 무당들의 이야기! 신의 말 공수!

#무당 #용한점집 #서울점집 #서초동점집 #무속인 #공수 #유명한점집 #장주억 #만신포차 #총각도사 #촌철살인
간략히"
24,2022. 10. 22.,"8,273회",153,23개,(굿판브이로그) 다시 태어나도 무당 합니다 #오방도령 #용한점집 #서산점집,http://www.youtube.com/watch?v=fofohPQ7Jog,"오방도령 : 010-6560-4700
신당 위치 : 충남 서산시

용한점집 찾으셨나요?
대한민국 No.1 무속방송 베짱이엔터테인먼트
직접 만신들의 굿판을 찾아가는
굿판 브이로그! 
.

.
.
.

#재수굿 #무당 #브이로그  #다큐멘터리 #오방도령 #애동 #애동제자 #용한점집 #무당 #운세 #무속인 #신점
음악
노래
Brand New Day
아티스트
Composer Squad
라이선스
YouTube Premium 가입
음악
간략히"
25,2022. 10. 22.,"21,482회",363,16개,나를 성폭X 했지만 형이 밉지는 않습니다.. #나비신녀 #용한점집 #서울점집 #용산점집 #유명한점집 #무당,http://www.youtube.com/watch?v=rgbp4mz41nE,"나비신녀 : 010-7574-2994
신당 위치 : 서울 용산구

대한민국 최고의 무당 프로그램
만신포차, 시대의 대만신들, 위험한 초대,
신엑소시스트, 신퇴마록 제작진이
직접 선정한 용한 무당들의 이야기! 신의 말 공수!

#공수 #무당 #유명한점집 #용한점집 #운세 #무속인 #신점  
#나비신녀 #쎄히 #트랜스젠더  #bj
간략히"
26,2022. 10. 21.,"45,741회",751,73개,(부부 난투극?) 제작진도 포기했다! #비선당 #용한점집 #파주점집 #유명한점집 #무당,http://www.youtube.com/watch?v=5T4rTimaotA,"비선당 : 010-8499-0440
신당 위치 : 경기도 파주시

대한민국 최고의 무당 프로그램
만신포차, 시대의 대만신들, 위험한 초대,
신엑소시스트, 신퇴마록 제작진이
직접 선정한 용한 무당들의 이야기! 신의 말 공수!

#공수 #무당 #유명한점집 #용한점집 #운세 #무속인 #신점  #비선당 #신병테스트심사위원 #위험한초대 #신굿 #점사의달인
간략히"
27,2022. 10. 21.,"8,581회",186,27개,"(매주 화, 목) 이유엽도사 의뢰인! 밤11시 최초공개! #이유엽 #엑소시스트 #대만신",http://www.youtube.com/watch?v=PGTT_1jwdE0,"이유엽 도사:  010 2170 0347
말 못할 고민! 답답한 속을 뚫어주고
신통방통 해결책을 주는 [이유엽도사 의뢰인]
11월 1일 부터 매주 화요일, 금요일!
당신을 찾아갑니다.


.
.
.

#무당 #유명한점집 #용한점집 #부산점집 #아산점집 #운세 #무속인 #신점 #베짱이 #베짱이엔터 #베짱이엔터테인먼트
음악
노래
Main Title
아티스트
CHOI SEONG WOOK
앨범
SECRET GARDEN DRAMA OST SPECIAL
라이선스
YouTube Premium 가입
음악
간략히"
28,2022. 10. 20.,"11,041회",223,9개,불륜녀의 직업이 성인 모델? 화류계 아가씨의 독특한 직업! #소원아씨 #대구점집 #용한점집 #유명한점집 #무당,http://www.youtube.com/watch?v=4Iyq6-uIeXI,"소원아씨 : 010-9330-9293
신당 위치 : 대구광역시

대한민국 최고의 무당 프로그램
'만신포차', '시대의 대만신들', '위험한 초대', '신퇴마록'  제작진이
직접 선정한 용한 무당들의 이야기! 신의 말 공수!

#무당 #용한점집 #대구점집 #무당 #무속인 #공수 #유명한점집 #대구점집 #소원아씨
간략히"
29,최초 공개: 2022. 10. 19.,"17,244회",228,35개,"수험생, 취업생, 합격운을 이뤄주는 터에 가다! #역사무행 #비선당 #용한점집 #유명한점집",http://www.youtube.com/watch?v=I4QdS03w0A4,"첫 번째 역사무행 : 팔공산 갓바위
비선당 : 010-8499-0440
진행 : 성세정 아나운서

만신과 함께 떠나는 
대한민국 방방곡곡! 기도빨 잘 받는 터! 
그 터의 역사와 비밀을 파헤친다!

.
.
.

#성세정아나운서 #팔공산 #갓바위 #운세 #무속인 #신점 #베짱이 #베짱이엔터 #베짱이엔터테인먼트
간략히"
30,2022. 10. 19.,"15,572회",286,6개,섹X 안 하면 죽는 여자?! 업소녀의 성폭행 피해자 과거! #칠성암매화보살 #인천점집 #용한점집 #유명한점집,http://www.youtube.com/watch?v=stZ0PSXZc7g,"칠성암 010-7740-4446
신당위치 : 인천광역시

대한민국 최고의 무당 프로그램
만신포차, 시대의 대만신들, 위험한 초대,
신엑소시스트, 신퇴마록 제작진이
직접 선정한 용한 무당들의 이야기! 신의 말 공수!
.
.
#무당 #유명한점집 #용한점집 #운세 #무속인 #신점 #베짱이 #베짱이엔터 #베짱이엔터테인먼트 #칠성암 #매화보살
간략히"
31,2022. 10. 19.,"15,878회",353,19개,(접신!!) 매니저님!! 실제상황!! #지정대신당 #지수아 #용한점집 #수원점집 #유명한점집 #무당,http://www.youtube.com/watch?v=2AkHSvgHzgM,"지수아 만신 : 010-2485-2485
신당 위치 : 경기도 수원시

대한민국 최고의 무당 프로그램
만신포차, 시대의 대만신들, 위험한 초대,
신엑소시스트, 신퇴마록 제작진이
직접 선정한 용한 무당들의 이야기! 신의 말 공수!

#지정대신당 #지수아 #수원점집 #경기도점집 #무속인 #리얼점사 #신의말 #공수 #무당점
간략히"
32,2022. 10. 18.,"28,388회",534,27개,"#무당 #용한점집 #서울점집
지금까지 우리 테스트했다는 말이네? X같은 새X네 이거 참! / 영금아씨&여무강신정",http://www.youtube.com/watch?v=ZMN8Lz1NgFE,"영금아씨 : 010-2256-4258 (의정부시)
여무 강신정 : 010-2188-1421 (서울)

대한민국 무속 프로그램 NO.1
베짱이엔터테인먼트가 새롭게 선보이는
국내 최초 2인 1조 무당들이 펼치는
가성비 갑 점사!!! 쌍점!!!

#무당 #용한점집 #서울점집 #의정부점집  #쌍점 #공수 #점사노트 #유명한점집 #영금아씨 #강신정
간략히"
33,2022. 10. 17.,"35,926회",510,75개,선수와 문란한 성생활 하는 여자? 이런 정신나간 X를 봤나!! #대만주 #용한점집 #이태원점집 #서울점집 #유명한점집 #무당,http://www.youtube.com/watch?v=hUOLWPBaEYA,"대만주 : 010-8863-3331
신당 위치 : 서울특별시 용산구 이태원동

대한민국 최고의 무당 프로그램
'만신포차', '시대의 대만신들', '위험한 초대', '신퇴마록'  제작진이
직접 선정한 용한 무당들의 이야기! 신의 말 공수!
.
.
.


#무당 #용한점집 #무당 #무속인 #공수 #유명한점집 #이태원점집 #대만주
간략히"
34,최초 공개: 2022. 10. 16.,"3,407회",82,1개,#정주행 神기쎈 무당들의 기쎈 토크! #풍자 #기쎈언니들 #스트리밍 #다시보기,http://www.youtube.com/watch?v=-tBVEum9K8k,"순화당: 010 5455 0026
글문도사(김문정): 010 8231 1368
말빨 쎈 언니 풍자! 
신(神)빨 쎈 언니들 순화당 & 글문도사! 
기 쎈~ 세 여자가 뭉쳤다! 
보다 화끈하고 솔직하게
게스트들과 함께하는 토크 예능! 

.
.
.


#풍자 #글문도사 #순화당 #토크 #유튜버 
#무당 #유명한점집 #용한점집 #신점
간략히"
35,2022. 10. 16.,"39,710회",800,33개,법당이 피비린내로 진동하잖아! 이유는 너가 잘 알 텐데? 장주억 #용한점집 #서울점집 #유명한점집 #무당,http://www.youtube.com/watch?v=HjJqtWx--ss,"장주억 만신 : 010-4737-8034
신당 위치 : 서울특별시 서초구 서초동

대한민국 최고의 무당 프로그램
'만신포차', '시대의 대만신들', '위험한 초대', '신퇴마록'  제작진이
직접 선정한 용한 무당들의 이야기! 신의 말 공수!

#무당 #용한점집 #서울점집 #서초동점집 #무속인 #공수 #유명한점집 #장주억 #만신포차 #총각도사 #촌철살인
간략히"
36,2022. 10. 15.,"26,684회",479,35개,(쎄히 쎈점사)넌 원래 딸이었는데? 할머니가 너 XXX래! #나비신녀 #용한점집 #서울점집 #용산점집 #유명한점집 #무당,http://www.youtube.com/watch?v=DdYuoltEl9o,"나비신녀 : 010-7574-2994
신당 위치 : 서울 용산구

대한민국 최고의 무당 프로그램
만신포차, 시대의 대만신들, 위험한 초대,
신엑소시스트, 신퇴마록 제작진이
직접 선정한 용한 무당들의 이야기! 신의 말 공수!

#공수 #무당 #유명한점집 #용한점집 #운세 #무속인 #신점  
#나비신녀 #쎄히 #트랜스젠더  #bj
간략히"
37,2022. 10. 14.,"17,883회",548,50개,방송 무당 전부 사기꾼 아닌가요? 뭐라고 했니? #비선당 #용한점집 #파주점집 #유명한점집 #무당,http://www.youtube.com/watch?v=NYP8o9_2f3s,"비선당 : 010-8499-0440
신당 위치 : 경기도 파주시

대한민국 최고의 무당 프로그램
만신포차, 시대의 대만신들, 위험한 초대,
신엑소시스트, 신퇴마록 제작진이
직접 선정한 용한 무당들의 이야기! 신의 말 공수!

#공수 #운세 #무속인 #신점  #비선당 #신병테스트심사위원 #위험한초대 #신굿 #점사의달인 #베짱이 #베짱이엔터 #베짱이엔터테인먼트
간략히"
38,2022. 10. 13.,"41,001회",496,23개,(쎄히 단독인터뷰) 신내림 이후 다사다난했다!#나비신녀 #용한점집 #서울점집 #용산점집 #유명한점집 #무당,http://www.youtube.com/watch?v=CrB_wtY5NZ8,"나비신녀 : 010-7574-2994
신당 위치 : 서울 용산구

대한민국 최고의 무당 프로그램
만신포차, 시대의 대만신들, 위험한 초대,
신엑소시스트, 신퇴마록 제작진이
직접 선정한 용한 무당들의 이야기! 신의 말 공수!

#공수 #무당 #유명한점집 #용한점집 #운세 #무속인 #신점  
#나비신녀 #쎄히 #트랜스젠더  #bj
간략히"
39,2022. 10. 13.,"10,974회",256,19개,(소원아씨 동자신!) 여자로 저울질? 양다리 들킨 남자! #소원아씨 #대구점집 #용한점집 #유명한점집 #무당,http://www.youtube.com/watch?v=_3qrrKK2KXw,"소원아씨 : 010-9330-9293
신당 위치 : 대구광역시

대한민국 최고의 무당 프로그램
'만신포차', '시대의 대만신들', '위험한 초대', '신퇴마록'  제작진이
직접 선정한 용한 무당들의 이야기! 신의 말 공수!

#무당 #용한점집 #대구점집 #무당 #무속인 #공수 #유명한점집 #대구점집 #소원아씨
간략히"
40,2022. 10. 12.,"4,464회",114,5개,이복동생을 아버지 장례식장에서? 아버지 접신?! #칠성암매화보살 #인천점집 #용한점집 #유명한점집,http://www.youtube.com/watch?v=Tbtxw0dUyxo,"칠성암 010-7740-4446
신당위치 : 인천광역시

대한민국 최고의 무당 프로그램
만신포차, 시대의 대만신들, 위험한 초대,
신엑소시스트, 신퇴마록 제작진이
직접 선정한 용한 무당들의 이야기! 신의 말 공수!
.
.
#무당 #유명한점집 #용한점집 #운세 #무속인 #신점 #베짱이 #베짱이엔터 #베짱이엔터테인먼트 #칠성암 #매화보살
간략히"
41,2022. 10. 11.,"25,982회",534,139개,점을 장난으로 보세요? VS 지금 뭐라고 하셨어요?(쌍점) #영금아씨 #여무강신정,http://www.youtube.com/watch?v=A7j63kXGyHw,"영금아씨 : 010-2256-4258 (의정부시)
여무 강신정 : 010-2188-1421 (서울)


대한민국 무속 프로그램 NO.1
베짱이엔터테인먼트가 새롭게 선보이는
국내 최초 2인 1조 무당들이 펼치는
가성비 갑 점사!!! 쌍점!!!

#무당 #용한점집 #서울점집 #의정부점집  #쌍점 #공수 #점사노트 #유명한점집 #영금아씨 #강신정
간략히"
42,2022. 10. 11.,"8,695회",246,7개,아이가 죽은 이유는? 아가 엄마가 미안해!#글문도사 #김문정 #용한점집 #부천점집 #유명한점집 #무당,http://www.youtube.com/watch?v=eJFmuJFn1wo,"글문도사 :  010 8231 1368
신당 위치 : 경기도 부천시

대한민국 최고의 무당 프로그램
만신포차, 시대의 대만신들, 위험한 초대,
신엑소시스트, 신퇴마록 제작진이
직접 선정한 용한 무당들의 이야기! 신의 말 공수!

#공수 #무당 #유명한점집 #용한점집 #운세 #무속인 #신점  #시대의대만신들
#신퇴마록  #퇴마 #엑소시스트 #베짱이 #베짱이엔터 #베짱이엔터테인먼트
간략히"
43,2022. 10. 10.,"13,139회",381,33개,귀접은 되고 성생활은 불가능?? 제 거기도 죽었어요 #대만주 #용한점집 #이태원점집 #서울점집 #유명한점집 #무당,http://www.youtube.com/watch?v=whCKXEq7f7w,"대만주 : 010-8863-3331
신당 위치 : 서울특별시 용산구 이태원동

대한민국 최고의 무당 프로그램
'만신포차', '시대의 대만신들', '위험한 초대', '신퇴마록'  제작진이
직접 선정한 용한 무당들의 이야기! 신의 말 공수!
.
.
.


#무당 #용한점집 #무당 #무속인 #공수 #유명한점집 #이태원점집 #대만주
간략히"
44,최초 공개: 2022. 10. 9.,"9,493회",214,3개,#정주행 용한 무당들의 미스터리한 이야기 #위험한초대 시즌11#스트리밍 #다시보기,http://www.youtube.com/watch?v=mLXcvSMgdsQ,"미스터리하고 오묘한 신의 세계와
진짜 무당들의 이야기! [위험한초대 시즌11]
[MC 천인지] 010 3775 9989
.
.
.


#무당 #용한점집 #유명한점집 #미스터리 #위험한초대 #운세 #무속인 #신점
음악
카르마 karma
노래 1/3
Ether Oar
노래 2/3
Carol of the Bells
노래 3/3
아티스트
Han
앨범
카르마 karma
라이선스
YouTube Premium 가입
음악
간략히"
45,2022. 10. 9.,"24,717회",421,13개,아들이 남편이자 애인?! 그런데 저는 남자를 좋아해요!#초롱만신 #사신장군당 #울산점집 #무당 #게이 #아바타 #커밍아웃,http://www.youtube.com/watch?v=yvCOoWrJIGE,"사신장군당 초롱만신 : 010-2285-3034
신당 위치 : 울산광역시

대한민국 최고의 무당 프로그램
만신포차, 시대의 대만신들, 위험한 초대,
신엑소시스트, 신퇴마록 제작진이
직접 선정한 용한 무당들의 이야기! 신의 말 공수!

#공수 #무당 #울산점집  #용한점집 #운세 #무속인 #신점  #사신당 #사신장군당 #초롱만신 #베짱이 #베짱이엔터 #베짱이엔터테인먼트
간략히"
46,2022. 10. 9.,"22,331회",568,15개,호X 잡X의 새X야! 너도 서울역으로 가야 정신차리지? #장주억 #용한점집 #서울점집 #유명한점집 #무당,http://www.youtube.com/watch?v=9OzPCOPq9A0,"장주억 만신 : 010-4737-8034
신당 위치 : 서울특별시 서초구 서초동

대한민국 최고의 무당 프로그램
'만신포차', '시대의 대만신들', '위험한 초대', '신퇴마록'  제작진이
직접 선정한 용한 무당들의 이야기! 신의 말 공수!

#무당 #용한점집 #서울점집 #서초동점집 #무속인 #공수 #유명한점집 #장주억 #만신포차 #총각도사 #촌철살인
간략히"
47,2022. 10. 8.,"22,755회",588,40개,(점사 중단) 니가 뭔데 떠들어?? 카메라 끄고 얘기좀하자! #순화당 #용한점집 #경기점집 #고양점집 #일산점집 #유명한점집 #무당,http://www.youtube.com/watch?v=yvJvJ9Hq0qM,"순화당 010 5455 0026
신당위치 : 경기도 고양시

대한민국 최고의 무당 프로그램
만신포차, 시대의 대만신들, 위험한 초대,
신엑소시스트, 신퇴마록 제작진이
직접 선정한 용한 무당들의 이야기! 신의 말 공수!
.
.
#무당 #유명한점집 #용한점집 #운세 #무속인 #신점 #베짱이 #베짱이엔터 #베짱이엔터테인먼트#공수#순화당#만신#고양점집
간략히"
48,2022. 10. 7.,"17,077회",461,50개,누가 누구랑 붙어먹었다는 거야? 이런 쌍X들! #비선당 #용한점집 #파주점집 #유명한점집 #무당,http://www.youtube.com/watch?v=RA0rIOc-W9w,"비선당 : 010-8499-0440
신당 위치 : 경기도 파주시

대한민국 최고의 무당 프로그램
만신포차, 시대의 대만신들, 위험한 초대,
신엑소시스트, 신퇴마록 제작진이
직접 선정한 용한 무당들의 이야기! 신의 말 공수!

#공수 #운세 #무속인 #신점  #비선당 #신병테스트심사위원 #위험한초대 #신굿 #점사의달인 #베짱이 #베짱이엔터 #베짱이엔터테인먼트
간략히"
49,2022. 10. 6.,"7,887회",205,11개,모텔 사업을 준비하는 신용불량자! 위장이혼으로 그녀를 가만두지 않는 남편! #오방도령 #서산점집 #용한점집 #유명한점집,http://www.youtube.com/watch?v=b9Dpv30SVJw,"오방도령 : 010-6560-4700
신당 위치 : 충남 서산시

대한민국 최고의 무당 프로그램
'만신포차', '시대의 대만신들', '위험한 초대', '신퇴마록'  제작진이
직접 선정한 용한 무당들의 이야기! 신의 말 공수!
.
.
.


#무당 #용한점집 #무당 #무속인 #공수 #유명한점집 #서산점집 #오방도령
간략히"
50,최초 공개: 2022. 10. 5.,"37,154회",599,28개,(마지막회) 기쎈언니들vs풍자 친구들! #야루미 #오퀸 (연락처⬇),http://www.youtube.com/watch?v=zEzD6DisHjM,"12화 쎈손님: @야루미YARUMI  @오퀸 
순화당: 010 5455 0026
글문도사(김문정): 010 8231 1368
말빨 쎈 언니 풍자! 
신(神)빨 쎈 언니들 순화당 & 글문도사! 
기 쎈~ 세 여자가 뭉쳤다! 
보다 화끈하고 솔직하게
게스트들과 함께하는 토크 예능! 
매주 수요일 밤11시 유튜브 베짱이엔터에서 최초공개 됩니다! 

.
.
.

#풍자 #예능 #토크 #유튜버 #인플루언서
#글문도사 #순화당 #무당 #유명한점집 #용한점집 #신점
간략히"
51,2022. 10. 5.,"6,836회",129,2개,이사했더니 일진이 된 딸?? 임X 할 수 있으니 조심하세요!! #칠성암매화보살 #인천점집 #용한점집 #유명한점집,http://www.youtube.com/watch?v=mHufoUqgU7o,"칠성암 010-7740-4446
신당위치 : 인천광역시

대한민국 최고의 무당 프로그램
만신포차, 시대의 대만신들, 위험한 초대,
신엑소시스트, 신퇴마록 제작진이
직접 선정한 용한 무당들의 이야기! 신의 말 공수!
.
.
#무당 #유명한점집 #용한점집 #운세 #무속인 #신점 #베짱이 #베짱이엔터 #베짱이엔터테인먼트 #칠성암 #매화보살
간략히"
52,2022. 10. 4.,"8,435회",221,6개,내 남편이 XX를 해?어쩌면 좋아요.....#글문도사 #김문정 #용한점집 #부천점집 #유명한점집 #무당,http://www.youtube.com/watch?v=j3TTl4kZxNU,"글문도사 :  010 8231 1368
신당 위치 : 경기도 부천시

대한민국 최고의 무당 프로그램
만신포차, 시대의 대만신들, 위험한 초대,
신엑소시스트, 신퇴마록 제작진이
직접 선정한 용한 무당들의 이야기! 신의 말 공수!

#공수 #무당 #유명한점집 #용한점집 #운세 #무속인 #신점  #시대의대만신들
#신퇴마록  #퇴마 #엑소시스트 #베짱이 #베짱이엔터 #베짱이엔터테인먼트
간략히"
53,2022. 10. 4.,"14,651회",312,15개,"#무당 #용한점집 #서울점집
(미인쌍점) 무당이 왔네! 박수 무당이...한번 뛰어볼래? / 여무 강신정& 영금아씨",http://www.youtube.com/watch?v=pswdGnYQi8Y,"여무 강신정 : 010-2188-1421 (서울)
영금아씨 : 010-2256-4258 (의정부시)

대한민국 무속 프로그램 NO.1
베짱이엔터테인먼트가 새롭게 선보이는
국내 최초 2인 1조 무당들이 펼치는
가성비 갑 점사!!! 쌍점!!!

#무당 #용한점집 #서울점집 #의정부점집  #쌍점 #공수 #점사노트 #유명한점집 #영금아씨 #강신정
간략히"
54,2022. 10. 3.,"54,193회",556,78개,40대 미스의 고민..너는 명기를 타고났다 하신다!! #이여슬 #천신애기 #서울점집 #용한점집 #유명한점집,http://www.youtube.com/watch?v=Yf94s5H1O7c,"이여슬(천신애기) : 010-8695-9929
신당 위치 : 서울시 용산구

대한민국 최고의 무당 프로그램
만신포차, 시대의 대만신들, 위험한 초대,
신엑소시스트, 신퇴마록 제작진이
직접 선정한 용한 무당들의 이야기! 신의 말 공수!
.
.
#무당 #유명한점집 #용한점집 #운세 #무속인 #신점 #베짱이 #베짱이엔터 #베짱이엔터테인먼트#이여슬#마포점집#공수
간략히"
55,2022. 10. 2.,"5,273회",149,13개,돈 날리고 좌절?! 이런 나쁜XX들#초롱만신 #사신장군당 #울산점집 #무당,http://www.youtube.com/watch?v=aCZCVdERIcc,"사신장군당 초롱만신 : 010-2285-3034
신당 위치 : 울산광역시

대한민국 최고의 무당 프로그램
만신포차, 시대의 대만신들, 위험한 초대,
신엑소시스트, 신퇴마록 제작진이
직접 선정한 용한 무당들의 이야기! 신의 말 공수!

#공수 #무당 #울산점집  #용한점집 #운세 #무속인 #신점  #사신당 #사신장군당 #초롱만신 #베짱이 #베짱이엔터 #베짱이엔터테인먼트
간략히"
56,2022. 10. 2.,"38,816회",775,48개,아빠는 근친상간남? 이런 오줌에 절여 죽일 X들! #장주억 #용한점집 #서울점집 #유명한점집 #무당,http://www.youtube.com/watch?v=kkcWDE5uYR0,"장주억 만신 : 010-4737-8034
신당 위치 : 서울특별시 서초구 서초동

대한민국 최고의 무당 프로그램
'만신포차', '시대의 대만신들', '위험한 초대', '신퇴마록'  제작진이
직접 선정한 용한 무당들의 이야기! 신의 말 공수!

#무당 #용한점집 #서울점집 #서초동점집 #무속인 #공수 #유명한점집 #장주억 #만신포차 #총각도사 #촌철살인
간략히"
57,2022. 10. 1.,"21,670회",558,19개,이사한 집에서 남편과 큰아들이... #순화당 #용한점집 #경기점집 #고양점집 #일산점집 #유명한점집 #무당,http://www.youtube.com/watch?v=-AzpL24rhug,"순화당 010 5455 0026
신당위치 : 경기도 고양시

대한민국 최고의 무당 프로그램
만신포차, 시대의 대만신들, 위험한 초대,
신엑소시스트, 신퇴마록 제작진이
직접 선정한 용한 무당들의 이야기! 신의 말 공수!
.
.
#무당 #유명한점집 #용한점집 #운세 #무속인 #신점 #베짱이 #베짱이엔터 #베짱이엔터테인먼트#공수#순화당#만신#고양점집
간략히"
58,2022. 9. 30.,"9,051회",305,67개,(감동점사) 빚만 잔뜩지고 감옥에 간 남편??? #비선당 #용한점집 #파주점집 #유명한점집 #무당,http://www.youtube.com/watch?v=DOC198D5ehs,"비선당 : 010-8499-0440
신당 위치 : 경기도 파주시

대한민국 최고의 무당 프로그램
만신포차, 시대의 대만신들, 위험한 초대,
신엑소시스트, 신퇴마록 제작진이
직접 선정한 용한 무당들의 이야기! 신의 말 공수!

#공수 #무당 #유명한점집 #용한점집 #운세 #무속인 #신점  #비선당 #신병테스트심사위원 #위험한초대 #신굿 #점사의달인
간략히"
59,2022. 9. 29.,"10,460회",274,4개,여자에 미쳐서 천륜을 끊은 아들? 잘못된 굿으로 뒤집어진 여자! #오방도령 #서산점집 #용한점집 #유명한점집,http://www.youtube.com/watch?v=JAc6ZmAMqvk,"오방도령 : 010-6560-4700
신당 위치 : 충남 서산시

대한민국 최고의 무당 프로그램
'만신포차', '시대의 대만신들', '위험한 초대', '신퇴마록'  제작진이
직접 선정한 용한 무당들의 이야기! 신의 말 공수!
.
.
.


#무당 #용한점집 #무당 #무속인 #공수 #유명한점집 #서산점집 #오방도령
간략히"
60,최초 공개: 2022. 9. 28.,"24,035회",420,34개,"#풍자 #예능 #토크
(11화) 풍자와 기쎈언니들vs기쎈 개그맨 김한국! (연락처⬇)",http://www.youtube.com/watch?v=jSOUjpyR3tM,"11화 쎈손님: 김한국
글문도사(김문정): 010 8231 1368
순화당: 010 5455 0026
말빨 쎈 언니 풍자! 
신(神)빨 쎈 언니들 순화당 & 글문도사! 
기 쎈~ 세 여자가 뭉쳤다! 
보다 화끈하고 솔직하게
게스트들과 함께하는 토크 예능! 
매주 수요일 밤11시 유튜브 베짱이엔터에서 최초공개 됩니다! 

.
.
.

#풍자 #예능 #토크 #김한국 #개그맨 #코미디 #코미디언
#글문도사 #순화당 #무당 #유명한점집 #용한점집 #신점
간략히"
61,2022. 9. 28.,"10,244회",251,10개,서방이 몇이야 썩을 X아! 에라이 썩을 X! #칠성암매화보살 #인천점집 #용한점집 #유명한점집,http://www.youtube.com/watch?v=NK7S9XEYr3o,"칠성암 010-7740-4446
신당위치 : 인천광역시

대한민국 최고의 무당 프로그램
만신포차, 시대의 대만신들, 위험한 초대,
신엑소시스트, 신퇴마록 제작진이
직접 선정한 용한 무당들의 이야기! 신의 말 공수!
.
.
#무당 #유명한점집 #용한점집 #운세 #무속인 #신점 #베짱이 #베짱이엔터 #베짱이엔터테인먼트 #칠성암 #매화보살
간략히"
62,2022. 9. 27.,"13,396회",319,25개,아들의 애인이 남자? 아들이 게이 같아요#글문도사 #김문정 #용한점집 #부천점집 #유명한점집 #무당,http://www.youtube.com/watch?v=gTZQGflRPt4,"글문도사 :  010 8231 1368
신당 위치 : 경기도 부천시

대한민국 최고의 무당 프로그램
만신포차, 시대의 대만신들, 위험한 초대,
신엑소시스트, 신퇴마록 제작진이
직접 선정한 용한 무당들의 이야기! 신의 말 공수!

#공수 #무당 #유명한점집 #용한점집 #운세 #무속인 #신점  #시대의대만신들
#신퇴마록  #퇴마 #엑소시스트 #베짱이 #베짱이엔터 #베짱이엔터테인먼트
간략히"
63,2022. 9. 26.,"20,584회",486,17개,무당 목사 신부 다 수준 떨어져? 병원이나 가! ㅆX아!!! #이여슬 #천신애기 #서울점집 #용한점집 #유명한점집,http://www.youtube.com/watch?v=rTV3FEsbakc,"이여슬(천신애기) : 010-8695-9929
신당 위치 : 서울시 용산구

대한민국 최고의 무당 프로그램
만신포차, 시대의 대만신들, 위험한 초대,
신엑소시스트, 신퇴마록 제작진이
직접 선정한 용한 무당들의 이야기! 신의 말 공수!
.
.
#무당 #유명한점집 #용한점집 #운세 #무속인 #신점 #베짱이 #베짱이엔터 #베짱이엔터테인먼트#이여슬#천신애기#공수
간략히"
64,최초 공개: 2022. 9. 25.,"46,977회",1.1천,174개,(마지막회) 아들의 마지막! 배달 청년의 억울한 죽음 #장주억 010 4737 8034 #용한점집 #유명한점집 #서울점집,http://www.youtube.com/watch?v=23IZarmJONI,"15화 : 장주억만신 010 4737 8034
어머니와 단둘이 분식집을 하다가 
취객이 던진 돌에 넘어져 사망한 20대 배달 청년! 
그 아들이 꽃다운 나이에 생을 마감했다... 
가슴아픈 그들의 마지막 만남과 한을 풀어주기 위해
장주억 만신이 나섰다! 

[MC 천인지] 010 3775 9989
미스터리하고 오묘한 신의 세계를 소개하는 [위험한초대 시즌11]

(TV방송) 일요일 밤 11시 리빙TV
(유튜브최초공개) 일요일 밤11시 [베짱이엔터]

.
.
.


#교통사고 #진오귀 #천도재 #위험한초대 #유명한점집
#무당 #운세 #만신 #사주 #MC #천인지
간략히"
65,2022. 9. 25.,"8,734회",198,8개,전 재산 몰빵? 사업 제안의 유혹!!! #초롱만신 #사신장군당 #울산점집 #무당,http://www.youtube.com/watch?v=FoMEsrjxjSc,"사신장군당 초롱만신 : 010-2285-3034
신당 위치 : 울산광역시

대한민국 최고의 무당 프로그램
만신포차, 시대의 대만신들, 위험한 초대,
신엑소시스트, 신퇴마록 제작진이
직접 선정한 용한 무당들의 이야기! 신의 말 공수!

#공수 #무당 #울산점집  #용한점집 #운세 #무속인 #신점  #사신당 #사신장군당 #초롱만신 #베짱이 #베짱이엔터 #베짱이엔터테인먼트
간략히"
66,2022. 9. 24.,"19,834회",500,35개,당신 개고기 먹고 왔지? 매주 먹는데요??? #순화당 #용한점집 #경기점집 #고양점집 #일산점집 #유명한점집 #무당,http://www.youtube.com/watch?v=2CFLLvEJI1o,"순화당 010 5455 0026
신당위치 : 경기도 고양시

대한민국 최고의 무당 프로그램
만신포차, 시대의 대만신들, 위험한 초대,
신엑소시스트, 신퇴마록 제작진이
직접 선정한 용한 무당들의 이야기! 신의 말 공수!
.
.
#무당 #유명한점집 #용한점집 #운세 #무속인 #신점 #베짱이 #베짱이엔터 #베짱이엔터테인먼트#순화당#만신#고양점집#공수
간략히"
67,2022. 9. 23.,"64,230회",1.1천,79개,발정난 60대 사모의 스폰제안? 이미 잤잖아!! #비선당 #용한점집 #파주점집 #유명한점집 #무당,http://www.youtube.com/watch?v=oJZunKBzDlA,"비선당 : 010-8499-0440
신당 위치 : 경기도 파주시

대한민국 최고의 무당 프로그램
만신포차, 시대의 대만신들, 위험한 초대,
신엑소시스트, 신퇴마록 제작진이
직접 선정한 용한 무당들의 이야기! 신의 말 공수!

#공수 #무당 #유명한점집 #용한점집 #운세 #무속인 #신점  #비선당 #신병테스트심사위원 #위험한초대 #신굿 #점사의달인
간략히"
68,2022. 9. 23.,"17,475회",318,40개,태극도령 공수 스페셜👉당신은 무당 팔자야😱대나무 꽂아야 해! #태극도령 #부여점집 #용한점집 #유명한점집,http://www.youtube.com/watch?v=0v2w0ZCtir0,"태극도령 : 010-3135-3694
신당 위치 : 충남 부여군

대한민국 최고의 무당 프로그램
'만신포차', '시대의 대만신들', '위험한 초대', '신퇴마록'  제작진이
직접 선정한 용한 무당들의 이야기! 신의 말 공수 스페셜 편!
.
.
.


#무당 #용한점집 #무당 #무속인 #공수
간략히"
69,2022. 9. 22.,"11,211회",281,19개,부모의 방관! 무관심! 내 자식이지만 싫다고? #오방도령 #서산점집 #용한점집 #유명한점집,http://www.youtube.com/watch?v=_xRxi3g42xs,"오방도령 : 010-6560-4700
신당 위치 : 충남 서산시

대한민국 최고의 무당 프로그램
'만신포차', '시대의 대만신들', '위험한 초대', '신퇴마록'  제작진이
직접 선정한 용한 무당들의 이야기! 신의 말 공수!
.
.
.


#무당 #용한점집 #무당 #무속인 #공수 #유명한점집 #서산점집 #오방도령
간략히"
70,2022. 9. 22.,"18,169회",414,24개,"#태극도령 #인터뷰 #무당
👊직격인터뷰 태극도령👊 무당인 내가 무당을 깐 이유",http://www.youtube.com/watch?v=bficGDbHQaM,"직격인터뷰! '태극도령' 편 
속칭 무속계 렉카! 무당들의 안티 무당으로 유명했던 '태극도령'
그를 둘러싼 소문과 진실! 지금 시작합니다. 

양측이 한걸음 나아가기 위해 진행된 인터뷰 촬영이었습니다.
더이상 확인되지 않은 루머와 억측, 악플은 삼가해주세요.
고인에 대한 언급은 유족이 원치 않음을 알려드립니다.
👉의도와 다른 오해성, 비방성 댓글은 삭제 될 수 있음을 알려드립니다.



.
.
.


#태극도령 #인터뷰 #무당 #유명한점집 #용한점집 #운세 #무속인 #신점 #베짱이 #베짱이엔터 #베짱이엔터테인먼트
간략히"
71,최초 공개: 2022. 9. 21.,"23,401회",397,37개,"#풍자 #예능 #토크
(10화) 풍자와 기쎈언니들vs기쎈 오라버니 서수남! (연락처⬇)",http://www.youtube.com/watch?v=P8IX45_3Q_0,"10화 쎈손님: 서수남
순화당: 010 5455 0026
글문도사(김문정): 010 8231 1368
말빨 쎈 언니 풍자! 
신(神)빨 쎈 언니들 순화당 & 글문도사! 
기 쎈~ 세 여자가 뭉쳤다! 
보다 화끈하고 솔직하게
게스트들과 함께하는 토크 예능! 
매주 수요일 밤11시 유튜브 베짱이엔터에서 최초공개 됩니다! 

.
.
.

#풍자 #예능 #토크 #서수남 #하청일 #가수 #콤비 #글문도사  #순화당 #무당 #유명한점집 #용한점집 #신점
간략히"
72,2022. 9. 21.,"15,204회",281,8개,할머니 동자 접신!! 남편 어디갔어! 이새X 불러와!! #칠성암매화보살 #인천점집 #용한점집 #유명한점집,http://www.youtube.com/watch?v=JBaM8JNLzNc,"칠성암 010-7740-4446
신당위치 : 인천광역시

대한민국 최고의 무당 프로그램
만신포차, 시대의 대만신들, 위험한 초대,
신엑소시스트, 신퇴마록 제작진이
직접 선정한 용한 무당들의 이야기! 신의 말 공수!
.
.
#무당 #유명한점집 #용한점집 #운세 #무속인 #신점 #베짱이 #베짱이엔터 #베짱이엔터테인먼트 #칠성암 #매화보살
간략히"
73,2022. 9. 20.,"34,734회",690,52개,3년 동안 만난 애인이 창남?#글문도사 #김문정 #용한점집 #부천점집 #유명한점집 #무당,http://www.youtube.com/watch?v=__5Df8vwipk,"글문도사 :  010 8231 1368
신당 위치 : 경기도 부천시

대한민국 최고의 무당 프로그램
만신포차, 시대의 대만신들, 위험한 초대,
신엑소시스트, 신퇴마록 제작진이
직접 선정한 용한 무당들의 이야기! 신의 말 공수!

#공수 #무당 #유명한점집 #용한점집 #운세 #무속인 #신점  #시대의대만신들
#신퇴마록  #퇴마 #엑소시스트 #베짱이 #베짱이엔터 #베짱이엔터테인먼트
간략히"
74,2022. 9. 19.,"12,695회",286,39개,낙태만 4번 시킨 남자! 지금 아이도 지워야 해요? #이여슬 #천신애기 #서울점집 #용한점집 #유명한점집 #용산점집,http://www.youtube.com/watch?v=Bz9c-H3sJ4w,"이여슬(천신애기) : 010-8695-9929
신당 위치 : 서울시 용산구

대한민국 최고의 무당 프로그램
만신포차, 시대의 대만신들, 위험한 초대,
신엑소시스트, 신퇴마록 제작진이
직접 선정한 용한 무당들의 이야기! 신의 말 공수!
.
.
#무당 #유명한점집 #용한점집 #운세 #무속인 #신점 #베짱이 #베짱이엔터 #베짱이엔터테인먼트#이여슬#용산점집#공수
간략히"
75,최초 공개: 2022. 9. 18.,"30,468회",747,127개,(14화) 몰카증명! 점사의 달인 #관우도령 010 3454 4250 #용한점집 #유명한점집 #구리점집,http://www.youtube.com/watch?v=pGoz87Rwypk,"14화 : 관우도령 010 3454 4250
영검 재증명 프로젝트!
무당의 진짜 실력을 리얼하게 확인했던 제작진!
차분하면서도 당찬 점사로 
떠오르는 무당 관우도령의 영검 검증에 나섰다! 
과연 그의 실제 점사 실력은?

[MC 천인지] 010 3775 9989
미스터리하고 오묘한 신의 세계를 소개하는 [위험한초대 시즌11]

(TV방송) 매주 일요일 밤 11시 리빙TV
(유튜브최초공개) 매주 일요일 밤11시 [베짱이엔터]

.
.
.


#몰카 #몰래카메라 #점사의달인 #위험한초대 #유명한점집
#무당 #운세 #만신 #사주 #MC #천인지
음악
노래
Ether Oar
아티스트
The Whole Other
앨범
Ether Oar
라이선스
YouTube Premium 가입
음악
간략히"
76,2022. 9. 18.,"9,259회",237,16개,친오빠들의 몹쓸 짓! 악마를 보았다 #초롱만신 #사신장군당 #울산점집 #무당,http://www.youtube.com/watch?v=JjGaL3dYfXM,"사신장군당 초롱만신 : 010-2285-3034
신당 위치 : 울산광역시

대한민국 최고의 무당 프로그램
만신포차, 시대의 대만신들, 위험한 초대,
신엑소시스트, 신퇴마록 제작진이
직접 선정한 용한 무당들의 이야기! 신의 말 공수!

#공수 #무당 #울산점집  #용한점집 #운세 #무속인 #신점  #사신당 #사신장군당 #초롱만신 #베짱이 #베짱이엔터 #베짱이엔터테인먼트
간략히"
77,2022. 9. 17.,"25,978회",685,30개,뭐?? 시아버지가 너 몸을 더듬어?? #순화당 #용한점집 #경기점집 #일산점집 #유명한점집,http://www.youtube.com/watch?v=N9o_7wb0A2M,"순화당 010 5455 0026
신당위치 : 경기도 고양시

대한민국 최고의 무당 프로그램
만신포차, 시대의 대만신들, 위험한 초대,
신엑소시스트, 신퇴마록 제작진이
직접 선정한 용한 무당들의 이야기! 신의 말 공수!
.
.
#무당 #유명한점집 #용한점집 #운세 #무속인 #신점 #베짱이 #베짱이엔터 #베짱이엔터테인먼트
간략히"
78,2022. 9. 16.,"76,698회",1.5천,315개,무료 점사라고 대충 본다고? 지금 해보자는 거니? #비선당 010 8499 0440 #용한점집 #파주점집 #유명한점집 #무당,http://www.youtube.com/watch?v=PC7XKoJ3jiY,"비선당 : 010-8499-0440
신당 위치 : 경기도 파주시

대한민국 최고의 무당 프로그램
만신포차, 시대의 대만신들, 위험한 초대,
신엑소시스트, 신퇴마록 제작진이
직접 선정한 용한 무당들의 이야기! 신의 말 공수!

#공수 #무당 #유명한점집 #용한점집 #운세 #무속인 #신점  #비선당 #신병테스트심사위원 #위험한초대 #신굿 #점사의달인
간략히"
79,2022. 9. 15.,"1,323회",29,2개,"#신병 #신병테스트 #신내림
🔥무료신내림굿🔥지원자 모집! 더 마스터_운명의 결정자들! (심사위원: 글문도사, 칠성암,순화당,그리고 이유엽)",http://www.youtube.com/watch?v=6FzWaH1aX4U,"귀신들의 장난인가! 신들의 부름인가! 
2022년 마지막 신병 공개 테스트 더-마스터가 시작됩니다!
글문도사, 순화당, 칠성암, 그리고 이유엽! 최고의 심사위원들로 구성된
다시 돌아온 '신병 공개테스트 더 마스터' 
최후의 1인 무료 신내림굿! 
많은 관심과 지원 바랍니다.

(이름, 나이, 사연, 연락처를 보내주세요)
010-4363-8675(문자) 
moodang1111@daum.net

.
.
.
.
.

#신병 #신병테스트 #신내림 #내림굿 #신점 #영점 #용한점집 #유명한점집 #운세
간략히"
80,2022. 9. 15.,"20,825회",542,21개,한달전 스스로 떠난 엄마! 죽음을 목격한 아들? #오방도령 #서산점집 #용한점집 #유명한점집,http://www.youtube.com/watch?v=j_9K53H9oeg,"오방도령 : 010-6560-4700
신당 위치 : 충남 서산시

대한민국 최고의 무당 프로그램
'만신포차', '시대의 대만신들', '위험한 초대', '신퇴마록'  제작진이
직접 선정한 용한 무당들의 이야기! 신의 말 공수!
.
.
.


#무당 #용한점집 #무당 #무속인 #공수 #유명한점집 #서산점집 #오방도령
간략히"
81,최초 공개: 2022. 9. 14.,"29,055회",446,33개,"#풍자 #예능 #토크
(9화) 풍자와 기쎈언니들vs기쎈 개그맨 한민관!(연락처⬇)",http://www.youtube.com/watch?v=uGtKZPM5GU0,"9화 쎈손님: 한민관
글문도사(김문정): 010 8231 1368
순화당: 010 5455 0026
말빨 쎈 언니 풍자! 
신(神)빨 쎈 언니들 순화당 & 글문도사! 
기 쎈~ 세 여자가 뭉쳤다! 
보다 화끈하고 솔직하게
게스트들과 함께하는 토크 예능! 
매주 수요일 밤11시 유튜브 베짱이엔터에서 최초공개 됩니다! 

.
.
.

#풍자 #예능 #토크 #개그맨 #한민관 #개콘 #개그콘서트 #글문도사 #순화당 #무당 #유명한점집 #용한점집 #신점
간략히"
82,2022. 9. 14.,"9,565회",234,4개,귀신이 덕지덕지 붙었구나! 고모가 무당이라고...? #칠성암매화보살 #인천점집 #용한점집 #유명한점집,http://www.youtube.com/watch?v=LhCfuls75dg,"칠성암 010-7740-4446
신당위치 : 인천광역시

대한민국 최고의 무당 프로그램
만신포차, 시대의 대만신들, 위험한 초대,
신엑소시스트, 신퇴마록 제작진이
직접 선정한 용한 무당들의 이야기! 신의 말 공수!
.
.
#무당 #유명한점집 #용한점집 #운세 #무속인 #신점 #베짱이 #베짱이엔터 #베짱이엔터테인먼트 #칠성암 #매화보살
간략히"
83,2022. 9. 12.,"33,860회",487,38개,여자 만족도 못 시키는 게!! 가정도 있는 새X가 잘한다 잘해 #이여슬 #천신애기 #서울점집 #용한점집 #유명한점집 #용산점집,http://www.youtube.com/watch?v=lwFrUTzsiAw,"이여슬(천신애기) : 010-8695-9929
신당 위치 : 서울시 용산구

대한민국 최고의 무당 프로그램
만신포차, 시대의 대만신들, 위험한 초대,
신엑소시스트, 신퇴마록 제작진이
직접 선정한 용한 무당들의 이야기! 신의 말 공수!
.
.
#무당 #유명한점집 #용한점집 #운세 #무속인 #신점 #베짱이 #베짱이엔터 #베짱이엔터테인먼트#이여슬#용산점집#공수
간략히"
84,최초 공개: 2022. 9. 11.,"31,275회",645,67개,(13화) 대만주 : 신神들의잔치! (feat.임덕영) #대만주 010 8863 3331 #애동제자 #서울점집 #용한점집 #유명한점집,http://www.youtube.com/watch?v=P_NWrHcc3F8,"13화 : 대만주 010 8863 3331
어린아이처럼 천진난만한 모습의 애동제자!
거침없는 직설화법으로 막힌 속을 뻥 뚫어주고
신의 음성을 듣고자
어떤 역경도 두려워하지 않는 신의 제자
대만주의 신들의 잔치, 진적맞이 현장까지
지금 최초공개 됩니다!

[MC 천인지] 010 3775 9989
미스터리하고 오묘한 신의 세계를 소개하는 [위험한초대 시즌11]

(TV방송) 매주 일요일 밤 11시 리빙TV
(유튜브최초공개) 매주 일요일 밤11시 [베짱이엔터]

.
.
.

#대만주 #애동제자 #진적굿 #애동신당 #만신포차
#위험한초대 #유명한점집
#무당 #운세 #만신 #사주 #MC #천인지
음악
노래
카르마 karma
아티스트
Han
앨범
카르마 karma
라이선스
YouTube Premium 가입
음악
간략히"
85,2022. 9. 9.,"24,802회",613,67개,"밥보다 섹스? 몸 주고, 돈 주고 미친거지 니가! #비선당 #용한점집 #파주점집 #유명한점집 #무당",http://www.youtube.com/watch?v=3kgTujmZX0I,"비선당 : 010-8499-0440
신당 위치 : 경기도 파주시

대한민국 최고의 무당 프로그램
만신포차, 시대의 대만신들, 위험한 초대,
신엑소시스트, 신퇴마록 제작진이
직접 선정한 용한 무당들의 이야기! 신의 말 공수!

#공수 #운세 #무속인 #신점  #비선당 #신병테스트심사위원 #위험한초대 #신굿 #점사의달인 #베짱이 #베짱이엔터 #베짱이엔터테인먼트
간략히"
86,최초 공개: 2022. 9. 7.,"32,283회",620,29개,"#풍자 #예능 #토크
(8화) 풍자와 기쎈언니들vs기쎈 남배우 이창훈! (연락처⬇)",http://www.youtube.com/watch?v=YZ_CztI5xYY,"8화 쎈손님: 이창훈
순화당: 010 5455 0026
글문도사(김문정): 010 8231 1368
말빨 쎈 언니 풍자! 
신(神)빨 쎈 언니들 순화당 & 글문도사! 
기 쎈~ 세 여자가 뭉쳤다! 
보다 화끈하고 솔직하게
게스트들과 함께하는 토크 예능! 
매주 수요일 밤11시 유튜브 베짱이엔터에서 최초공개 됩니다! 

.
.
.

#풍자 #예능 #토크 #배우 #이창훈 #순풍산부인과 #야인시대 #드라마 #글문도사 #순화당 #무당 #유명한점집 #용한점집 #신점
간략히"
87,2022. 9. 7.,"8,730회",244,7개,(사례자 대성통곡!) 저승사자와 함께 온 사례자!? #칠성암매화보살 #인천점집 #용한점집 #유명한점집,http://www.youtube.com/watch?v=fNzpyqpr3kM,"칠성암 010-7740-4446
신당위치 : 인천광역시

대한민국 최고의 무당 프로그램
만신포차, 시대의 대만신들, 위험한 초대,
신엑소시스트, 신퇴마록 제작진이
직접 선정한 용한 무당들의 이야기! 신의 말 공수!
.
.
#무당 #유명한점집 #용한점집 #운세 #무속인 #신점 #베짱이 #베짱이엔터 #베짱이엔터테인먼트 #칠성암 #매화보살
간략히"
88,2022. 9. 5.,"6,113회",161,15개,무당들의 귀신 점사는 바로 이런것! 실시간 방송 리얼점사 이유엽 도사!,http://www.youtube.com/watch?v=ab6D83T6Zjk,"매주 월요일 부터 금요일밤 8ㅡ10시 까지 유튜브 베짱이엔터 채널에서 실시간 소통방송! 무료점사 이벤트 까지...많은 참여 바랍니다.
간략히"
89,최초 공개: 2022. 9. 4.,"49,210회",950,90개,(위험한초대12화)이유엽 대만신의 귀환 #이유엽 010 2170 0347 #엑소시스트 #아산점집 #부산점집 #용한점집 #유명한점집,http://www.youtube.com/watch?v=kRhhP_Wqwx8,"12화 : 이유엽 010 2170 0347
최고의 심령 프로그램 ‘엑소시스트’에서 
영적 고통을 받는 이들을 치유하며 인정받은
이유엽 만신!
‘시대의 대만신들’을 통해 
소름 돋는 카리스마와 거침없는 직설 화법까지!
처음으로 공개되는 이유엽 만신의 이야기가
최초 공개됩니다.

[MC 천인지] 010 3775 9989
미스터리하고 오묘한 신의 세계를 소개하는 [위험한초대 시즌11]

(TV방송) 매주 일요일 밤 11시 리빙TV
(유튜브최초공개) 매주 일요일 밤11시 [베짱이엔터]

.
.
.

#엑소시스트 #대만신 #이유엽 #아산점집 #부산점집 #용한점집
#위험한초대 #유명한점집
#무당 #운세 #만신 #사주 #MC #천인지
간략히"
90,2022. 9. 4.,"14,689회",435,115개,남자 욕구 푸는 여자! 씨받이 아내의 호소!!#오방도령 #서산점집 #용한점집 #유명한점집,http://www.youtube.com/watch?v=TqRdMzOC-gs,"오방도령 : 010-6560-4700
신당 위치 : 충남 서산시

대한민국 최고의 무당 프로그램
'만신포차', '시대의 대만신들', '위험한 초대', '신퇴마록'  제작진이
직접 선정한 용한 무당들의 이야기! 신의 말 공수!
.
.
.


#무당 #용한점집 #무당 #무속인 #공수 #유명한점집 #서산점집 #오방도령
간략히"
91,2022. 9. 3.,"11,786회",353,21개,(아버지 접신!) 내 딸아 미안하다..아버지 알아보겠니? #칼도령 #용한점집 #의정부점집 #유명한점집 #무당,http://www.youtube.com/watch?v=Z55KRBB1P-s,"칼도령 :  010-9292-6523
신당 위치 : 경기도 의정부시

대한민국 최고의 무당 프로그램
만신포차, 시대의 대만신들, 위험한 초대,
신엑소시스트, 신퇴마록 제작진이
직접 선정한 용한 무당들의 이야기! 신의 말 공수!

#공수 #무당 #유명한점집 #용한점집 #운세 #무속인 #신점  #칼도령
간략히"
92,2022. 9. 2.,"41,571회",1.1천,219개,형부가 언니를 죽이고 부모님을 죽였습니다. 비선당 010 8499 0440. #용한점집 #파주점집 #유명한점집 #무당,http://www.youtube.com/watch?v=mwNDWfnDb4s,"비선당 : 010-8499-0440
신당 위치 : 경기도 파주시

대한민국 최고의 무당 프로그램
만신포차, 시대의 대만신들, 위험한 초대,
신엑소시스트, 신퇴마록 제작진이
직접 선정한 용한 무당들의 이야기! 신의 말 공수!

#공수 #무당 #유명한점집 #용한점집 #운세 #무속인 #신점  #비선당 #신병테스트심사위원 #위험한초대 #신굿 #점사의달인
간략히"
93,2022. 9. 1.,"17,702회",433,26개,"자식, 남편 다 죽이고 죽고 싶어요.. #글문도사 #김문정 #용한점집 #부천점집 #유명한점집 #무당",http://www.youtube.com/watch?v=ZO4UvuzR4xQ,"글문도사 :  010 8231 1368
신당 위치 : 경기도 부천시

대한민국 최고의 무당 프로그램
만신포차, 시대의 대만신들, 위험한 초대,
신엑소시스트, 신퇴마록 제작진이
직접 선정한 용한 무당들의 이야기! 신의 말 공수!

#공수 #무당 #유명한점집 #용한점집 #운세 #무속인 #신점  #시대의대만신들
#신퇴마록  #퇴마 #엑소시스트 #베짱이 #베짱이엔터 #베짱이엔터테인먼트
간략히"
94,최초 공개: 2022. 8. 31.,"58,269회",823,56개,"#풍자 #예능 #토크
(7화) 풍자와 기쎈언니들vs기쎈 게이커플 망원댁! (연락처⬇)",http://www.youtube.com/watch?v=nY-wNVzhf-8,"7화 쎈손님: 망원댁 망고커플 @망원댁TV MANGO COUPLE 
글문도사(김문정): 010 8231 1368
순화당: 010 5455 0026
말빨 쎈 언니 풍자! 
신(神)빨 쎈 언니들 순화당 & 글문도사! 
기 쎈~ 세 여자가 뭉쳤다! 
보다 화끈하고 솔직하게
게스트들과 함께하는 토크 예능! 
매주 수요일 밤11시 유튜브 베짱이엔터에서 최초공개 됩니다! 

.
.
.

#풍자 #예능 #토크 #게이 #성소수자 #망원댁 #망고커플 #글문도사 #순화당 #무당 #유명한점집 #용한점집 #신점
간략히"
95,2022. 8. 31.,"12,971회",361,50개,(feat. 술중독) 이러다가 집안 전체가 피바다야!! 굿까지 거절한 순화당!? #순화당 #기쎈언니들 #경기점집 #일산점집 #유명한점집,http://www.youtube.com/watch?v=KrTjcn08lV8,"순화당 010 5455 0026
신당위치 : 경기도 고양시

대한민국 최고의 무당 프로그램
만신포차, 시대의 대만신들, 위험한 초대,
신엑소시스트, 신퇴마록 제작진이
직접 선정한 용한 무당들의 이야기! 신의 말 공수!
.
.
#무당 #유명한점집 #용한점집 #운세 #무속인 #신점 #베짱이 #베짱이엔터 #베짱이엔터테인먼트
간략히"
96,2022. 8. 30.,"26,858회",534,43개,(전남편의 상간녀가 되다!) 1억 드릴게요! 전남편을 다시 돌아오게 해주세요! #관우도령 #구리점집 #용한점집 #유명한점집,http://www.youtube.com/watch?v=RQv5qOO9fh8,"관우도령 : 010-3454-4250
신당 위치 : 경기도 구리시

대한민국 최고의 무당 프로그램
만신포차, 시대의 대만신들, 위험한 초대,
신엑소시스트, 신퇴마록 제작진이
직접 선정한 용한 무당들의 이야기! 신의 말 공수!
.
.
#무당 #유명한점집 #용한점집 #운세 #무속인 #신점 #베짱이 #베짱이엔터 #베짱이엔터테인먼트#관우도령#공수
간략히"
97,2022. 8. 29.,"8,472회",198,8개,포경 후 성욕 폭발? 애기씨가 당신 특이하대!!#사신장군당 #초롱만신 #울산점집 #무당,http://www.youtube.com/watch?v=dfrQxeQsQhE,"사신장군당 초롱만신 : 010-2285-3034
신당 위치 : 울산광역시

대한민국 최고의 무당 프로그램
만신포차, 시대의 대만신들, 위험한 초대,
신엑소시스트, 신퇴마록 제작진이
직접 선정한 용한 무당들의 이야기! 신의 말 공수!

#공수 #무당 #울산점집  #용한점집 #운세 #무속인 #신점  #사신당 #사신장군당 #초롱만신
간략히"
98,최초 공개: 2022. 8. 28.,"23,074회",531,25개,(위험한초대11화)지적장애 삼남매 두고 떠난 아버지! #박비주 010 8854 1450 #구미점집 #서울점집 #용한점집 #유명한점집,http://www.youtube.com/watch?v=K58-r3N9cgw,"11화 : 박비주 010 8854 1450
지적장애인 삼남매와 아내를 두고 떠난 아버지! 
이후, 시간이 멈춰버린 남은 가족들
떠나는 당신에게 전하고 싶었던 마지막 인사… 
아픈 마음을 위로하는 영혼 힐링 솔루션! 

[MC 천인지] 010 3775 9989
미스터리하고 오묘한 신의 세계를 소개하는 [위험한초대 시즌11]

(TV방송) 매주 일요일 밤 11시 리빙TV
(유튜브최초공개) 매주 일요일 밤11시 [베짱이엔터]

.
.
.

#국모무당 #박비주 #구미점집 #서울점집 #용한점집 #위험한초대 #유명한점집
#무당 #운세 #만신 #사주 #무속인 #MC #천인지
간략히"
99,2022. 8. 28.,"10,399회",339,6개,시샘에 눈 돌아간 귀신! 결혼 준비만 4번째인 여자! #오방도령 #서산점집 #용한점집 #유명한점집,http://www.youtube.com/watch?v=ukfl1Gx_taw,"오방도령 : 010-6560-4700
신당 위치 : 충남 서산시

대한민국 최고의 무당 프로그램
'만신포차', '시대의 대만신들', '위험한 초대', '신퇴마록'  제작진이
직접 선정한 용한 무당들의 이야기! 신의 말 공수!
.
.
.


#무당 #용한점집 #무당 #무속인 #공수 #유명한점집 #서산점집 #오방도령
간략히"
100,2022. 8. 27.,"42,324회",695,24개,(귀접) 팬티가 젖는 기분이야!! 너도 즐겼잖아!!! #칼도령 #용한점집 #의정부점집 #유명한점집 #무당,http://www.youtube.com/watch?v=DcR3jjXpUO8,"칼도령 :  010-9292-6523
신당 위치 : 경기도 의정부시

대한민국 최고의 무당 프로그램
만신포차, 시대의 대만신들, 위험한 초대,
신엑소시스트, 신퇴마록 제작진이
직접 선정한 용한 무당들의 이야기! 신의 말 공수!

#공수 #무당 #유명한점집 #용한점집 #운세 #무속인 #신점  #칼도령
간략히"
101,2022. 8. 26.,"12,468회",289,21개,방울만 안 들었지 니가! 다음 차례는? #천인지할머니 #서울점집 #용한점집 #유명한점집,http://www.youtube.com/watch?v=bPmkMO4TXEw,"천인지 할머니 : 010-3775-9989
신당 위치 : 서울특별시

대한민국 최고의 무당 프로그램
만신포차, 시대의 대만신들, 위험한 초대,
신엑소시스트, 신퇴마록 제작진이
직접 선정한 용한 무당들의 이야기! 신의 말 공수!

#용한점집 #서울점집 #무속인 #리얼점사 #신의말 #공수 #천인지신당#신이선택한사람들
간략히"
102,2022. 8. 25.,"17,310회",357,16개,업소가서 딸을? 당신보고 음흉하고 더럽단다! #글문도사 #김문정 #용한점집 #부천점집 #유명한점집 #무당,http://www.youtube.com/watch?v=QmlwD2RTe-A,"글문도사 :  010 8231 1368
신당 위치 : 경기도 부천시

대한민국 최고의 무당 프로그램
만신포차, 시대의 대만신들, 위험한 초대,
신엑소시스트, 신퇴마록 제작진이
직접 선정한 용한 무당들의 이야기! 신의 말 공수!

#공수 #무당 #유명한점집 #용한점집 #운세 #무속인 #신점  #시대의대만신들
#신퇴마록  #퇴마 #엑소시스트
간략히"
103,최초 공개: 2022. 8. 24.,"32,942회",526,33개,"#풍자 #예능 #토크
(6화) 풍자와 기쎈언니들vs기쎈 코미디언! 최병서 (연락처⬇)",http://www.youtube.com/watch?v=0l2Iz9KfIko,"6화 쎈손님: 최병서 (⬇만신들 연락처)
순화당: 010 5455 0026
글문도사(김문정): 010 8231 1368
말빨 쎈 언니 풍자! 
신(神)빨 쎈 언니들 순화당 & 글문도사! 
기 쎈~ 세 여자가 뭉쳤다! 
보다 화끈하고 솔직하게
게스트들과 함께하는 토크 예능! 
매주 수요일 밤11시 유튜브 베짱이엔터에서 최초공개 됩니다! 

.
.
.

#풍자 #예능 #토크 #최병서 #코미디언 #코미디 #개그 #글문도사 #순화당 #무당 #유명한점집 #용한점집 #운세 #무속인 #신점
간략히"
104,2022. 8. 24.,"18,111회",493,33개,아내의 문란한 과거?! 다른 남자의 아이를 키우고 있어요 #순화당 #기쎈언니들 #경기점집 #일산점집 #유명한점집,http://www.youtube.com/watch?v=r7eRFWuowg0,"순화당 010 5455 0026
신당위치 : 경기도 고양시

대한민국 최고의 무당 프로그램
만신포차, 시대의 대만신들, 위험한 초대,
신엑소시스트, 신퇴마록 제작진이
직접 선정한 용한 무당들의 이야기! 신의 말 공수!
.
.
#무당 #유명한점집 #용한점집 #운세 #무속인 #신점 #베짱이 #베짱이엔터 #베짱이엔터테인먼트
간략히"
105,2022. 8. 23.,"15,176회",419,5개,남동생 죽자마자 결혼하는 아버지! 학대 받고 자란 남매?! #관우도령 #구리점집 #용한점집 #유명한점집,http://www.youtube.com/watch?v=MXl5BVi-Tx4,"관우도령 : 010-3454-4250
신당 위치 : 경기도 구리시

대한민국 최고의 무당 프로그램
만신포차, 시대의 대만신들, 위험한 초대,
신엑소시스트, 신퇴마록 제작진이
직접 선정한 용한 무당들의 이야기! 신의 말 공수!
.
.
#무당 #유명한점집 #용한점집 #운세 #무속인 #신점 #베짱이 #베짱이엔터 #베짱이엔터테인먼트#관우도령#공수
간략히"
106,2022. 8. 22.,"5,342회",156,7개,집구석 개박살 났네!! 길거리 나앉기 일보 직전이구나! #사신장군당 #초롱만신 #울산점집 #무당,http://www.youtube.com/watch?v=b8a05Lp4qPg,"사신장군당 초롱만신 : 010-2285-3034
신당 위치 : 울산광역시

대한민국 최고의 무당 프로그램
만신포차, 시대의 대만신들, 위험한 초대,
신엑소시스트, 신퇴마록 제작진이
직접 선정한 용한 무당들의 이야기! 신의 말 공수!

#공수 #무당 #울산점집  #용한점집 #운세 #무속인 #신점  #사신당 #사신장군당 #초롱만신
간략히"
107,최초 공개: 2022. 8. 21.,"25,260회",560,33개,(위험한초대10화) 보고싶어! 아빠 잘가... 접신! 죽은자의 시그널 #이여슬 010 8695 9929 #천신애기 #서울점집 #용한점집 #유명한점집,http://www.youtube.com/watch?v=45hCinJ_X1k,"10화 : 천신애기 이여슬 010 8695 9929
갑자기 들이닥친 줄초상,
이후에 집에서 생기는 
미스터리한 일들까지! 
꼭 전하고 싶었던 마지막 메시지!
이승을 떠난 영혼들의 
못다 한 말을 전하기 위해 이여슬 만신이 나섰다! 

[MC 천인지] 010 3775 9989
미스터리하고 오묘한 신의 세계를 소개하는 [위험한초대 시즌11]

(TV방송) 매주 일요일 밤 11시 리빙TV
(유튜브최초공개) 매주 일요일 밤11시 [베짱이엔터]

.
.
.

#천신애기 #이여슬 #서울점집 #용한점집 #위험한초대 #유명한점집
#무당 #운세 #만신 #사주 #무속인 #MC #천인지
간략히"
108,2022. 8. 20.,"29,825회",693,39개,😱색끼+똘끼? 칼도령에게 끼부리는 사례자 나타남!!! #칼도령 #용한점집 #의정부점집 #유명한점집 #무당,http://www.youtube.com/watch?v=tscBMxx3dlU,"칼도령 : 010-9292-6523
신당 위치 : 경기도 의정부시

대한민국 최고의 무당 프로그램
만신포차, 시대의 대만신들, 위험한 초대,
신엑소시스트, 신퇴마록 제작진이
직접 선정한 용한 무당들의 이야기! 신의 말 공수!

#공수 #무당 #유명한점집 #용한점집 #운세 #무속인 #칼도령 #베짱이엔터테인먼트
간략히"
109,2022. 8. 19.,"10,316회",276,5개,어떤 미친무당이 니가 장군이래? 그 무당 데려와! #천인지할머니 #서울점집 #용한점집 #유명한점집,http://www.youtube.com/watch?v=5Hi7Zn9FvME,"천인지 할머니 : 010-3775-9989
신당 위치 : 서울특별시

대한민국 최고의 무당 프로그램
만신포차, 시대의 대만신들, 위험한 초대,
신엑소시스트, 신퇴마록 제작진이
직접 선정한 용한 무당들의 이야기! 신의 말 공수!

#용한점집 #서울점집 #무속인 #리얼점사 #신의말 #공수 #천인지신당#신이선택한사람들
간략히"
110,2022. 8. 18.,"7,469회",287,53개,학폭 피해자의 인생 복수극?! 제발 부적좀... #오방도령 #서산점집 #용한점집 #유명한점집,http://www.youtube.com/watch?v=OqZsUohrGhY,"오방도령 : 010-6560-4700
신당 위치 : 충남 서산시

대한민국 최고의 무당 프로그램
'만신포차', '시대의 대만신들', '위험한 초대', '신퇴마록'  제작진이
직접 선정한 용한 무당들의 이야기! 신의 말 공수!
.
.
.


#무당 #용한점집 #무당 #무속인 #공수 #유명한점집 #서산점집 #오방도령
간략히"
111,2022. 8. 18.,"15,996회",390,24개,남자친구 아이가 셋입니다! 당신이 내 딸이었으면... #글문도사 #김문정 #용한점집 #부천점집 #유명한점집 #무당,http://www.youtube.com/watch?v=KQy-vyazRTE,"글문도사 :  010 8231 1368
신당 위치 : 경기도 부천시

대한민국 최고의 무당 프로그램
만신포차, 시대의 대만신들, 위험한 초대,
신엑소시스트, 신퇴마록 제작진이
직접 선정한 용한 무당들의 이야기! 신의 말 공수!

#공수 #무당 #유명한점집 #용한점집 #운세 #무속인 #신점  #시대의대만신들
#신퇴마록  #퇴마 #엑소시스트
간략히"
112,최초 공개: 2022. 8. 17.,"44,164회",780,49개,"#풍자 #예능 #토크
(5화) 풍자와 기쎈언니들vs기쎈오빠들 보디빌더 (연락처⬇)",http://www.youtube.com/watch?v=mfeLmFS0yJY,"5화 쎈손님: 허윤, 박기훈, 정민호 (⬇만신들 연락처)
글문도사(김문정): 010 8231 1368
순화당: 010 5455 0026
말빨 쎈 언니 풍자! 
신(神)빨 쎈 언니들 순화당 & 글문도사! 
기 쎈~ 세 여자가 뭉쳤다! 
보다 화끈하고 솔직하게
게스트들과 함께하는 토크 예능! 
매주 수요일 밤11시 유튜브 베짱이엔터에서 최초공개 됩니다! 

.
.
.

#풍자 #예능 #토크 #보디빌더 #헬스 #피트니스 #허윤 #박기훈 #정민호 #글문도사 #순화당 #무당 #유명한점집 #용한점집 #신점
간략히"
113,2022. 8. 17.,"23,858회",553,28개,며느리의 복수심!? 순화당의 공수는!? #순화당 #기쎈언니들 #경기점집 #일산점집 #유명한점집,http://www.youtube.com/watch?v=WsdWopvLfus,"순화당 010 5455 0026
신당위치 : 경기도 고양시

대한민국 최고의 무당 프로그램
만신포차, 시대의 대만신들, 위험한 초대,
신엑소시스트, 신퇴마록 제작진이
직접 선정한 용한 무당들의 이야기! 신의 말 공수!
.
.
#무당 #유명한점집 #용한점집 #운세 #무속인 #신점 #베짱이 #베짱이엔터 #베짱이엔터테인먼트
간략히"
114,2022. 8. 16.,"15,673회",421,21개,돌싱경력 3번?! 애 키워줄 엄마가 필요해?! 어디서 총각행세야!!! #관우도령 #구리점집 #용한점집 #유명한점집,http://www.youtube.com/watch?v=NVHg9JXvv6c,"관우도령 : 010-3454-4250
신당 위치 : 경기도 구리시

대한민국 최고의 무당 프로그램
만신포차, 시대의 대만신들, 위험한 초대,
신엑소시스트, 신퇴마록 제작진이
직접 선정한 용한 무당들의 이야기! 신의 말 공수!
.
.
#무당 #유명한점집 #용한점집 #운세 #무속인 #신점 #베짱이 #베짱이엔터 #베짱이엔터테인먼트#관우도령#공수
간략히"
115,2022. 8. 15.,"7,702회",218,4개,지가 무슨 김정은 이야! 여기가 북한이야!? 이중인격 개새X! #사신장군당 #초롱만신 #울산점집 #무당,http://www.youtube.com/watch?v=Jeyf19SOaLc,"사신장군당 초롱만신 : 010-2285-3034
신당 위치 : 울산광역시

대한민국 최고의 무당 프로그램
만신포차, 시대의 대만신들, 위험한 초대,
신엑소시스트, 신퇴마록 제작진이
직접 선정한 용한 무당들의 이야기! 신의 말 공수!

#공수 #무당 #울산점집  #용한점집 #운세 #무속인 #신점  #사신당 #사신장군당 #초롱만신
간략히"
116,최초 공개: 2022. 8. 14.,"16,485회",632,38개,(위험한초대9화)기쎈! 만신들의 힐링캠프! #순화당 #글문도사 #용한점집 #유명한점집,http://www.youtube.com/watch?v=HE0p1owBRuk,"순화당: 010 5455 0026,  글문도사: 010 8231 1368
많은 것을 포기해야 하는 무당의 삶
오랜 세월 신의 제자로 살아온 두 만신들!
순화당, 글문도사!
한 여름 밤, 만신들의 특별한 추억 여행!

[MC 천인지] 010 3775 9989
미스터리하고 오묘한 신의 세계를 소개하는 [위험한초대 시즌11]

(TV방송) 매주 일요일 밤 11시 리빙TV
(유튜브최초공개) 매주 일요일 밤11시 [베짱이엔터]

.
.
.

#글문도사 #순화당 #용한점집 #위험한초대 #유명한점집
#무당 #운세 #만신 #사주 #무속인 #MC #천인지
간략히"
117,2022. 8. 14.,"27,517회",461,28개,아랫도리 함부로 흔들고 다니던 남편! 여직원이랑?! #성남처녀보살 #용한점집 #성남점집 #유명한점집 #무당,http://www.youtube.com/watch?v=DyYHQWsJYVE,"성남 처녀보살 : 010-2619-9392
신당 위치 : 경기도 성남시

대한민국 최고의 무당 프로그램
만신포차, 시대의 대만신들, 위험한 초대,
신엑소시스트, 신퇴마록 제작진이
직접 선정한 용한 무당들의 이야기! 신의 말 공수!

#공수 #무당 #유명한점집 #용한점집 #운세 #무속인 #처녀보살 #베짱이엔터테인먼트
간략히"
118,2022. 8. 13.,"32,240회",688,19개,내 제자 드디어 왔구나!! 만신도 숨기고 싶었던 남자! #천우도령 #용한점집 #서울점집 #유명한점집 #무당,http://www.youtube.com/watch?v=RP1_4-XDuBs,"천우도령 : 010-9610-9016
신당 위치 : 서울 이태원

대한민국 최고의 무당 프로그램
만신포차, 시대의 대만신들, 위험한 초대,
신엑소시스트, 신퇴마록 제작진이
직접 선정한 용한 무당들의 이야기! 신의 말 공수!

#공수 #무당 #유명한점집 #용한점집 #운세 #무속인 #천우도령 #베짱이엔터테인먼트
간략히"
119,2022. 8. 13.,"34,936회",988,55개,(칼도령 접신!) 엄마 나 알아보겠어? 2년동안 남편과 아들이 떠났습니다 #칼도령 #용한점집 #의정부점집 #유명한점집 #무당,http://www.youtube.com/watch?v=JUwB7WgByfM,"칼도령 :  010-9292-6523
신당 위치 : 경기도 의정부시

대한민국 최고의 무당 프로그램
만신포차, 시대의 대만신들, 위험한 초대,
신엑소시스트, 신퇴마록 제작진이
직접 선정한 용한 무당들의 이야기! 신의 말 공수!

#공수 #무당 #유명한점집 #용한점집 #운세 #무속인 #신점  #칼도령
간략히"
